Data_Hora,Risco_Percentual,Status_Postura,Status_EPI
2026-06-22 09:54:37,0,Sem dados,EPIs: C:0 V:0
2026-06-22 09:54:39,0,Sem dados,EPIs: C:0 V:0
2026-06-22 09:54:40,0,Sem dados,EPIs: C:0 V:0
2026-06-22 09:54:41,0,Sem dados,EPIs: C:0 V:0
2026-06-22 09:54:42,0,Sem dados,EPIs: C:0 V:0
2026-06-22 09:54:43,0,Sem dados,EPIs: C:0 V:0
2026-06-22 09:54:44,0,Sem dados,EPIs: C:0 V:0
2026-06-22 09:54:45,0,Sem dados,EPIs: C:0 V:0
2026-06-22 09:54:46,0,Sem dados,EPIs: C:0 V:0
2026-06-22 09:54:48,0,Análise Ativa,EPIs: C:0 V:0
2026-06-22 09:54:49,0,Sem dados,EPIs: C:0 V:0
2026-06-22 09:54:50,0,Análise Ativa,EPIs: C:0 V:0
2026-06-22 09:54:51,0,Análise Ativa,EPIs: C:0 V:0
2026-06-22 09:54:52,0,Análise Ativa,EPIs: C:0 V:0
2026-06-22 09:54:53,0,Análise Ativa,EPIs: C:0 V:0
2026-06-22 09:54:54,0,Análise Ativa,EPIs: C:0 V:0
2026-06-22 09:54:55,0,Análise Ativa,EPIs: C:0 V:0
2026-06-22 09:54:56,0,Análise Ativa,EPIs: C:0 V:0
2026-06-22 09:54:58,0,Sem dados,EPIs: C:0 V:0
2026-06-22 09:54:59,0,Sem dados,EPIs: C:0 V:0
2026-06-22 09:55:00,0,Sem dados,EPIs: C:0 V:0
2026-06-22 09:55:01,0,Sem dados,EPIs: C:0 V:0
2026-06-22 09:55:02,0,Sem dados,EPIs: C:0 V:0
2026-06-22 09:55:03,0,Sem dados,EPIs: C:0 V:0
2026-06-22 09:55:05,0,Sem dados,EPIs: C:0 V:0
2026-06-22 09:55:06,0,Sem dados,EPIs: C:0 V:0
2026-06-22 09:55:07,0,Sem dados,EPIs: C:0 V:0
2026-06-22 09:55:08,0,Sem dados,EPIs: C:0 V:0
2026-06-22 09:55:09,0,Sem dados,EPIs: C:0 V:0
2026-06-22 09:55:10,0,Sem dados,EPIs: C:0 V:0
2026-06-22 09:55:12,0,Sem dados,EPIs: C:0 V:0
2026-06-22 09:55:13,0,Sem dados,EPIs: C:0 V:0
2026-06-22 09:55:14,0,Análise Ativa,EPIs: C:0 V:0
2026-06-22 09:55:15,0,Análise Ativa,EPIs: C:0 V:0
2026-06-22 09:55:16,0,Análise Ativa,EPIs: C:0 V:0
2026-06-22 09:55:17,0,Análise Ativa,EPIs: C:0 V:0
2026-06-22 09:55:18,0,Análise Ativa,EPIs: C:0 V:0
2026-06-22 09:55:20,0,Análise Ativa,EPIs: C:0 V:0
2026-06-22 09:55:21,0,Análise Ativa,EPIs: C:0 V:0
2026-06-22 09:55:22,0,Análise Ativa,EPIs: C:0 V:0
2026-06-22 09:55:23,0,Análise Ativa,EPIs: C:0 V:0
2026-06-22 09:55:24,0,Sem dados,EPIs: C:0 V:0
2026-06-22 09:55:26,0,Análise Ativa,EPIs: C:0 V:0
2026-06-22 09:55:27,0,Análise Ativa,EPIs: C:0 V:0
2026-06-22 09:55:28,0,Análise Ativa,EPIs: C:0 V:0
2026-06-22 09:55:29,0,Análise Ativa,EPIs: C:0 V:0
2026-06-22 09:55:30,0,Análise Ativa,EPIs: C:0 V:0
2026-06-22 10:00:02,0,Sem dados,EPIs: Capacete[0] Colete[0]
2026-06-22 10:00:03,0,Sem dados,EPIs: Capacete[0] Colete[0]
2026-06-22 10:00:04,0,Sem dados,EPIs: Capacete[0] Colete[0]
2026-06-22 10:00:05,0,Sem dados,EPIs: Capacete[0] Colete[0]
2026-06-22 10:00:06,0,Sem dados,EPIs: Capacete[0] Colete[0]
2026-06-22 10:00:07,0,Sem dados,EPIs: Capacete[0] Colete[0]
2026-06-22 10:00:08,0,Sem dados,EPIs: Capacete[0] Colete[0]
2026-06-22 10:00:09,0,Sem dados,EPIs: Capacete[0] Colete[0]
2026-06-22 10:00:10,0,Sem dados,EPIs: Capacete[0] Colete[0]
2026-06-22 10:00:11,0,Análise Ativa,EPIs: Capacete[0] Colete[0]
2026-06-22 10:00:12,0,Análise Ativa,EPIs: Capacete[0] Colete[0]
2026-06-22 10:00:14,0,Análise Ativa,EPIs: Capacete[0] Colete[0]
2026-06-22 10:00:15,0,Análise Ativa,EPIs: Capacete[0] Colete[0]
2026-06-22 10:00:16,0,Análise Ativa,EPIs: Capacete[0] Colete[0]
2026-06-22 10:00:17,0,Análise Ativa,EPIs: Capacete[0] Colete[0]
2026-06-22 10:00:18,0,Sem dados,EPIs: Capacete[0] Colete[0]
2026-06-22 10:00:19,0,Análise Ativa,EPIs: Capacete[0] Colete[0]
2026-06-22 10:00:20,0,Sem dados,EPIs: Capacete[0] Colete[0]
2026-06-22 10:00:22,0,Sem dados,EPIs: Capacete[0] Colete[0]
2026-06-22 10:00:23,0,Sem dados,EPIs: Capacete[0] Colete[0]
2026-06-22 10:00:24,0,Sem dados,EPIs: Capacete[0] Colete[0]
2026-06-22 10:00:25,0,Sem dados,EPIs: Capacete[0] Colete[0]
2026-06-22 10:00:26,0,Sem dados,EPIs: Capacete[0] Colete[0]
2026-06-22 10:00:27,0,Sem dados,EPIs: Capacete[0] Colete[0]
2026-06-22 10:00:29,0,Sem dados,EPIs: Capacete[0] Colete[0]
2026-06-22 10:00:30,0,Sem dados,EPIs: Capacete[0] Colete[0]
2026-06-22 10:00:31,0,Sem dados,EPIs: Capacete[0] Colete[0]
2026-06-22 10:00:48,0,Sem dados,EPIs: Capacete[0] Colete[0]
2026-06-22 10:00:49,0,Sem dados,EPIs: Capacete[0] Colete[0]
2026-06-22 10:00:50,0,Sem dados,EPIs: Capacete[0] Colete[0]
2026-06-22 10:00:51,0,Sem dados,EPIs: Capacete[0] Colete[0]
2026-06-22 10:00:52,0,Sem dados,EPIs: Capacete[0] Colete[0]
2026-06-22 10:00:53,0,Sem dados,EPIs: Capacete[0] Colete[0]
2026-06-22 10:00:54,0,Sem dados,EPIs: Capacete[0] Colete[0]
2026-06-22 10:00:55,0,Sem dados,EPIs: Capacete[0] Colete[0]
2026-06-22 10:00:56,0,Sem dados,EPIs: Capacete[0] Colete[0]
2026-06-22 10:00:57,0,Sem dados,EPIs: Capacete[0] Colete[0]
2026-06-22 10:00:58,0,Sem dados,EPIs: Capacete[0] Colete[0]
2026-06-22 10:01:00,0,Sem dados,EPIs: Capacete[0] Colete[0]
2026-06-22 10:01:01,0,Sem dados,EPIs: Capacete[0] Colete[0]
2026-06-22 10:01:02,0,Sem dados,EPIs: Capacete[0] Colete[0]
2026-06-22 10:01:03,0,Sem dados,EPIs: Capacete[0] Colete[0]
2026-06-22 10:01:04,0,Sem dados,EPIs: Capacete[0] Colete[0]
2026-06-22 10:01:05,0,Sem dados,EPIs: Capacete[0] Colete[0]
2026-06-22 10:01:06,0,Sem dados,EPIs: Capacete[0] Colete[0]
2026-06-22 10:01:07,0,Sem dados,EPIs: Capacete[0] Colete[0]
2026-06-22 10:01:09,0,Sem dados,EPIs: Capacete[0] Colete[0]
2026-06-22 10:01:10,0,Sem dados,EPIs: Capacete[0] Colete[0]
2026-06-22 10:01:11,0,Sem dados,EPIs: Capacete[0] Colete[0]
2026-06-22 10:01:12,0,Sem dados,EPIs: Capacete[0] Colete[0]
2026-06-22 10:01:13,0,Sem dados,EPIs: Capacete[0] Colete[0]
2026-06-22 10:04:04,60,Sem dados de postura,EPI: C:0 V:0
2026-06-22 10:04:05,60,Sem dados de postura,EPI: C:0 V:0
2026-06-22 10:04:06,60,Sem dados de postura,EPI: C:0 V:0
2026-06-22 10:04:07,60,Sem dados de postura,EPI: C:0 V:0
2026-06-22 10:04:08,60,Sem dados de postura,EPI: C:0 V:0
2026-06-22 10:04:09,60,Sem dados de postura,EPI: C:0 V:0
2026-06-22 10:04:10,60,Sem dados de postura,EPI: C:0 V:0
2026-06-22 10:04:11,60,Sem dados de postura,EPI: C:0 V:0
2026-06-22 10:04:12,60,Sem dados de postura,EPI: C:0 V:0
2026-06-22 10:04:13,60,Sem dados de postura,EPI: C:0 V:0
2026-06-22 10:04:15,60,Sem dados de postura,EPI: C:0 V:0
2026-06-22 10:04:16,60,Sem dados de postura,EPI: C:0 V:0
2026-06-22 10:04:17,60,Sem dados de postura,EPI: C:0 V:0
2026-06-22 10:04:18,60,Sem dados de postura,EPI: C:0 V:0
2026-06-22 10:04:19,60,Sem dados de postura,EPI: C:0 V:0
2026-06-22 10:04:20,60,Sem dados de postura,EPI: C:0 V:0
2026-06-22 10:04:21,60,Sem dados de postura,EPI: C:0 V:0
2026-06-22 10:04:22,60,Sem dados de postura,EPI: C:0 V:0
2026-06-22 10:04:24,60,Sem dados de postura,EPI: C:0 V:0
2026-06-22 10:04:25,60,Sem dados de postura,EPI: C:0 V:0
2026-06-22 10:04:26,100,Coluna: 147.9°,EPI: C:0 V:0
2026-06-22 10:04:27,60,Sem dados de postura,EPI: C:0 V:0
2026-06-22 10:04:28,60,Sem dados de postura,EPI: C:0 V:0
2026-06-22 10:04:29,60,Sem dados de postura,EPI: C:0 V:0
2026-06-22 10:04:31,60,Sem dados de postura,EPI: C:0 V:0
2026-06-22 10:04:32,60,Sem dados de postura,EPI: C:0 V:0
2026-06-22 10:18:26,60,Sem dados de postura,EPI: C:0 V:0
2026-06-22 10:18:27,60,Sem dados de postura,EPI: C:0 V:0
2026-06-22 10:18:28,60,Sem dados de postura,EPI: C:0 V:0
2026-06-22 10:18:29,60,Sem dados de postura,EPI: C:0 V:0
2026-06-22 10:18:30,60,Sem dados de postura,EPI: C:0 V:0
2026-06-22 10:18:31,60,Sem dados de postura,EPI: C:0 V:0
2026-06-22 10:18:32,60,Sem dados de postura,EPI: C:0 V:0
2026-06-22 10:18:33,60,Sem dados de postura,EPI: C:0 V:0
2026-06-22 10:18:34,60,Sem dados de postura,EPI: C:0 V:0
2026-06-22 10:18:36,60,Sem dados de postura,EPI: C:0 V:0
2026-06-22 10:18:37,60,Sem dados de postura,EPI: C:0 V:0
2026-06-22 10:18:38,60,Sem dados de postura,EPI: C:0 V:0
2026-06-22 10:18:39,60,Sem dados de postura,EPI: C:0 V:0
2026-06-22 10:18:40,60,Sem dados de postura,EPI: C:0 V:0
2026-06-22 10:21:38,60,Sem dados de postura,EPI: C:0 V:0
2026-06-22 10:21:39,60,Sem dados de postura,EPI: C:0 V:0
2026-06-22 10:21:40,60,Sem dados de postura,EPI: C:0 V:0
2026-06-22 10:21:42,60,Sem dados de postura,EPI: C:0 V:0
2026-06-22 10:21:43,60,Sem dados de postura,EPI: C:0 V:0
2026-06-22 10:21:44,60,Sem dados de postura,EPI: C:0 V:0
2026-06-22 10:21:45,60,Sem dados de postura,EPI: C:0 V:0
2026-06-22 10:21:46,60,Sem dados de postura,EPI: C:0 V:0
2026-06-22 10:25:12,99,Sem dados de postura,EPI: C:0 V:0
2026-06-22 10:25:13,99,Sem dados de postura,EPI: C:0 V:0
2026-06-22 10:25:14,99,Sem dados de postura,EPI: C:0 V:0
2026-06-22 10:25:15,99,Sem dados de postura,EPI: C:0 V:0
2026-06-22 10:25:16,99,Sem dados de postura,EPI: C:0 V:0
2026-06-22 10:25:17,99,Sem dados de postura,EPI: C:0 V:0
2026-06-22 10:25:18,99,Sem dados de postura,EPI: C:0 V:0
2026-06-22 10:25:20,99,Sem dados de postura,EPI: C:0 V:0
2026-06-22 10:25:21,99,Sem dados de postura,EPI: C:0 V:0
2026-06-22 10:25:22,99,Sem dados de postura,EPI: C:0 V:0
2026-06-22 10:25:23,99,Sem dados de postura,EPI: C:0 V:0
2026-06-22 10:25:24,99,Sem dados de postura,EPI: C:0 V:0
2026-06-22 10:25:25,99,Coluna: 158.9°,EPI: C:0 V:0
2026-06-22 10:25:26,99,Sem dados de postura,EPI: C:0 V:0
2026-06-22 10:25:27,99,Sem dados de postura,EPI: C:0 V:0
2026-06-22 10:25:29,99,Sem dados de postura,EPI: C:0 V:0
2026-06-22 10:25:30,99,Sem dados de postura,EPI: C:0 V:0
2026-06-22 10:25:31,99,Coluna: 160.2°,EPI: C:0 V:0
2026-06-22 10:25:32,99,Sem dados de postura,EPI: C:0 V:0
2026-06-22 10:25:33,99,Sem dados de postura,EPI: C:0 V:0
2026-06-22 10:25:35,99,Sem dados de postura,EPI: C:0 V:0
2026-06-22 10:25:36,99,Sem dados de postura,EPI: C:0 V:0
